PersonID,FirstName,LastName,Phone
1,Jaylen,Christensen,646-376-4466
2,Reynaldo,Harris,646-382-3431
3,Yandel,Franklin,718-510-6575
4,Lia,Short,718-664-9574
5,Cael,Glover,646-623-7673
6,Patrick,Hodge,917-284-5780
7,Jaqueline,Ewing,347-409-5439
8,Darren,Burns,212-220-3311
9,Rigoberto,Mayo,212-537-6720
10,Aliya,Hoffman,917-613-6421
11,Luna,Martinez,718-771-3686
12,Angelique,Oliver,917-252-3830
13,Melvin,Buckner,212-836-6512
14,Jeramiah,Potts,646-228-5446
15,Owen,Noble,212-476-4876
16,Dayana,Kidd,347-385-1742
17,Gemma,Donovan,646-768-1792
18,Jack,Bruce,646-522-7235
19,Salvador,Emerson,347-276-8948
20,Reed,Flowers,646-547-6398
21,Jazmine,Foley,718-605-9088
22,Hadassah,Abbott,917-823-9292
23,Jocelynn,Buck,718-722-6313
24,Zaniyah,Case,718-604-7729
25,Khalil,Medina,917-361-9803
26,Jaylan,Martin,212-403-5255
27,Aaden,Lowe,212-683-8794
28,Tristin,Barron,212-510-3235
29,Alexander,Cantu,917-261-3926
30,Alexus,Crosby,646-223-6544
31,Jazmin,Schmidt,718-294-7531
32,Reese,Roth,212-614-7981
33,Presley,Padilla,646-358-6884
34,Adrianna,Duncan,646-544-5915
35,Amari,Parker,212-525-3571
36,Kendrick,Floyd,917-650-7989
37,Grace,Rowe,646-524-8955
38,Dawson,Rios,917-560-5580
39,Damaris,Crosby,646-662-5349
40,King,Rose,347-823-6645
41,Ryleigh,Wilkins,917-766-5604
42,Stanley,Townsend,212-775-3412
43,Rodney,Stafford,646-519-3002
44,Ciara,Nunez,917-738-7813
45,Omari,Rush,646-516-3070
46,Maurice,Tran,212-470-2697
47,Brayan,Owens,347-766-3697
48,Jaylen,Smith,212-432-9911
49,Selina,Nelson,718-511-4170
50,Susan,Matthews,212-748-5980
51,Derek,Oliver,347-716-1227
52,Jaycee,England,347-368-1526
53,Eve,Lindsey,917-719-1929
54,Jayson,Bullock,718-708-3598
55,Amy,Jarvis,646-804-4663
56,Immanuel,Joyce,212-671-1389
57,Lia,Harrell,347-270-4389
58,Mitchell,Lloyd,718-796-7350
59,Desiree,Melton,646-270-2996
60,Evie,Beasley,347-379-6271
61,Rylie,Ayala,917-745-5684
62,Ansley,Henson,917-353-7715
63,Quentin,Randolph,347-625-6847
64,Miles,Burton,646-336-1902
65,Isaias,Moon,212-716-6333
66,Yaritza,Andrews,718-746-4988
67,Danny,Gray,917-280-8507
68,Autumn,Burnett,917-355-7377
69,Sarah,Velazquez,917-811-9147
70,Terrance,Forbes,347-642-8572
71,Lucy,Baldwin,917-661-5442
72,Deja,Lindsey,212-411-1820
73,Colby,Atkinson,646-772-2257
74,Zackary,Gilliam,917-593-3931
75,Remington,Farrell,917-843-4608
76,Dixie,Cruz,917-586-9422
77,Yair,Edwards,347-774-4501
78,Octavio,Whitehead,212-423-2062
79,Mariam,Bowen,646-292-3920
80,Nelson,Flynn,646-725-6832
81,Aileen,Johnson,917-426-2147
82,Harry,Rogers,917-782-8106
83,Kamryn,Hopper,917-350-9472
84,Makhi,Robles,917-612-4762
85,Elianna,Kaufman,212-832-9113
86,Jaida,Whitney,718-703-2577
87,Braylon,Spence,347-729-6167
88,Alfonso,Gilbert,347-656-8233
89,Irvin,Hinton,212-335-8571
90,Janiah,Kidd,347-346-9229
91,Pedro,Payne,212-498-6862
92,Adeline,Dillon,718-512-2564
93,Vance,Wilcox,347-314-5165
94,Beau,Ware,646-391-9926
95,Matthias,Clemons,347-329-7260
96,Bailey,Jordan,347-840-4080
97,Reina,Hester,917-817-8225
98,Brenden,Rasmussen,646-812-7298
99,Kyla,Shannon,646-352-2431
100,Branson,Ingram,212-780-2467
101,Anabella,Nixon,212-523-6502
102,Anabelle,Wilson,917-728-8694
103,Fabian,Bryan,646-523-3121
104,Dillon,Roberson,212-629-8042
105,Porter,Parks,718-483-5325
106,Briley,Estrada,646-234-2097
107,Elliana,Pratt,917-830-8782
108,Adeline,Dickerson,718-703-9796
109,Jordan,Scott,917-284-9436
110,Kade,Hood,917-336-9522
111,Belen,Hess,917-302-6036
112,Mekhi,Ramos,646-537-5741
113,Regina,Brewer,646-614-1481
114,Bradley,Sims,646-587-3973
115,Mathew,Harrison,646-614-8165
116,Dylan,Clark,646-576-9372
117,Aliza,Foreman,917-380-2950
118,Kenley,Hunt,212-705-8822
119,Tatiana,Davidson,718-457-2953
120,Kiana,Maddox,347-248-5713
121,Jazmyn,Livingston,917-364-9971
122,Ismael,Washington,212-439-5421
123,Moses,Ingram,917-682-3372
124,Cody,Leach,347-570-3346
125,Lacey,Spencer,917-605-3899
126,Serena,Peters,718-380-2477
127,Alexia,Rasmussen,718-534-2403
128,Conner,Hinton,646-775-3686
129,Deven,Graham,646-246-7524
130,Kyle,Garner,917-338-6372
131,Desmond,Knowles,917-785-7273
132,Jayda,Crawford,718-658-3906
133,Katherine,Turner,347-589-7132
134,Karli,Henson,917-716-1314
135,Lena,Rivera,212-340-5502
136,Deborah,Lamb,718-408-4184
137,Amya,Walton,347-350-9310
138,Kyleigh,Franks,718-550-6560
139,Quinten,Hubbard,917-687-2256
140,Skylar,Buck,212-592-7909
141,Vanessa,Mcmahon,212-569-4823
142,Harrison,Duke,718-245-5292
143,Jasiah,Kirkland,347-479-2352
144,Donna,Gallegos,917-617-3764
145,Giuliana,Miles,917-657-9916
146,Brett,Wilkinson,347-524-8554
147,Conor,Weiss,347-518-5638
148,Holden,Fowler,212-722-7454
149,Savanah,Forbes,917-687-6671
150,Kaleigh,Gaines,718-823-7799
151,Kaiya,Hull,347-829-1136
152,Elianna,Medina,646-819-2778
153,Leland,Hunter,212-793-5299
154,Landyn,Pitts,347-320-2243
155,Leia,Schroeder,347-373-6302
156,Jacoby,Cook,917-808-6186
157,Valentino,Ford,212-745-3651
158,Alessandro,Casey,917-647-6620
159,Mireya,Woodard,718-496-7026
160,Raegan,Cantrell,646-813-3328
161,Peyton,Pace,646-619-7420
162,Stella,Leon,646-404-6826
163,Donavan,Ingram,718-543-2608
164,Rebekah,Beard,212-700-7304
165,Cannon,Berg,646-605-8063
166,Rihanna,Guthrie,212-560-3413
167,Neveah,Reynolds,646-527-1224
168,Kierra,Holmes,718-451-2157
169,Eduardo,Jimenez,646-595-2549
170,Skylar,Whitfield,212-827-7355
171,Savanah,Fernandez,212-358-3769
172,Fernando,Rosa,917-669-3112
173,Rebekah,Best,646-826-7098
174,Charles,McCoy,347-312-4725
175,Bridger,Stephenson,718-792-7253
176,Alison,Mays,917-265-9366
177,Aaliyah,Stephenson,646-354-5674
178,Maximilian,Morales,212-772-6202
179,Carleigh,Manning,646-573-3267
180,Charlie,Herring,212-321-1690
181,Jakobe,Miller,917-728-8534
182,Kassidy,Good,718-660-6567
183,Londyn,Bentley,917-278-4443
184,Hallie,Casey,646-463-4607
185,Malia,Bridges,917-338-2937
186,Quintin,McConnell,917-363-2471
187,Krista,Emerson,917-631-6768
188,Makenna,Joseph,212-533-9260
189,Jasmin,Guzman,718-377-3801
190,Kaylee,Richmond,646-799-3731
191,Kai,Sparks,212-522-5661
192,Jayden,Whitfield,347-356-9081
193,Savanna,Oneil,646-733-3847
194,Kymani,Beck,718-351-9427
195,Darius,Travis,917-444-3708
